date,t2m_c,precip_mm_day,precip_mm_month,year
1981-01-01,22.81,0.0,0.0,1981
1981-02-01,25.72,0.03,0.84,1981
1981-03-01,27.54,0.1,3.1,1981
1981-04-01,26.42,5.48,164.4,1981
1981-05-01,24.38,4.02,124.62,1981
1981-06-01,23.71,6.24,187.2,1981
1981-07-01,22.24,12.23,379.13,1981
1981-08-01,22.67,6.61,204.91,1981
1981-09-01,22.89,9.14,274.20000000000005,1981
1981-10-01,23.45,5.47,169.57,1981
1981-11-01,21.62,0.23,6.9,1981
1981-12-01,21.69,0.0,0.0,1981
1982-01-01,24.28,0.12,3.72,1982
1982-02-01,24.66,0.79,22.12,1982
1982-03-01,25.66,2.44,75.64,1982
1982-04-01,25.42,3.82,114.6,1982
1982-05-01,24.4,8.66,268.46,1982
1982-06-01,23.4,10.92,327.6,1982
1982-07-01,22.68,5.79,179.49,1982
1982-08-01,21.85,10.58,327.98,1982
1982-09-01,23.16,11.62,348.6,1982
1982-10-01,22.84,6.24,193.44,1982
1982-11-01,21.07,0.3,9.0,1982
1982-12-01,21.5,0.0,0.0,1982
1983-01-01,20.97,0.0,0.0,1983
1983-02-01,26.09,0.04,1.12,1983
1983-03-01,27.56,0.28,8.680000000000001,1983
1983-04-01,28.26,0.64,19.2,1983
1983-05-01,25.07,9.6,297.6,1983
1983-06-01,23.59,7.66,229.8,1983
1983-07-01,22.63,14.37,445.47,1983
1983-08-01,21.95,15.9,492.9,1983
1983-09-01,22.58,6.85,205.5,1983
1983-10-01,23.0,1.9,58.9,1983
1983-11-01,22.65,0.08,2.4,1983
1983-12-01,22.85,0.17,5.2700000000000005,1983
1984-01-01,22.36,0.0,0.0,1984
1984-02-01,25.11,0.0,0.0,1984
1984-03-01,26.25,1.49,46.19,1984
1984-04-01,25.36,3.89,116.7,1984
1984-05-01,24.15,6.29,194.99,1984
1984-06-01,23.74,4.37,131.1,1984
1984-07-01,22.72,5.21,161.51,1984
1984-08-01,23.03,8.52,264.12,1984
1984-09-01,22.76,10.34,310.2,1984
1984-10-01,23.34,5.59,173.29,1984
1984-11-01,22.16,0.27,8.100000000000001,1984
1984-12-01,21.53,0.0,0.0,1984
1985-01-01,23.97,0.03,0.93,1985
1985-02-01,24.25,0.0,0.0,1985
1985-03-01,25.97,2.07,64.17,1985
1985-04-01,26.0,2.7,81.0,1985
1985-05-01,24.63,5.42,168.02,1985
1985-06-01,22.99,6.4,192.0,1985
1985-07-01,22.18,7.17,222.27,1985
1985-08-01,22.4,6.27,194.37,1985
1985-09-01,22.46,6.92,207.6,1985
1985-10-01,23.06,3.89,120.59,1985
1985-11-01,23.41,0.08,2.4,1985
1985-12-01,23.04,0.0,0.0,1985
1986-01-01,23.86,0.0,0.0,1986
1986-02-01,26.53,0.02,0.56,1986
1986-03-01,26.3,1.25,38.75,1986
1986-04-01,26.41,3.39,101.7,1986
1986-05-01,24.48,6.94,215.14,1986
1986-06-01,23.63,4.66,139.8,1986
1986-07-01,22.12,7.0,217.0,1986
1986-08-01,22.52,8.37,259.47,1986
1986-09-01,22.73,8.14,244.2,1986
1986-10-01,22.96,4.41,136.71,1986
1986-11-01,22.72,1.22,36.6,1986
1986-12-01,21.39,0.02,0.62,1986
1987-01-01,24.02,0.0,0.0,1987
1987-02-01,26.56,0.32,8.96,1987
1987-03-01,26.91,0.92,28.52,1987
1987-04-01,27.62,0.79,23.700000000000003,1987
1987-05-01,27.03,2.74,84.94000000000001,1987
1987-06-01,24.19,7.09,212.7,1987
1987-07-01,23.66,7.82,242.42,1987
1987-08-01,22.97,11.53,357.43,1987
1987-09-01,23.6,7.42,222.6,1987
1987-10-01,23.59,3.74,115.94,1987
1987-11-01,23.19,0.05,1.5,1987
1987-12-01,23.16,0.01,0.31,1987
1988-01-01,24.93,0.0,0.0,1988
1988-02-01,26.76,0.17,4.930000000000001,1988
1988-03-01,27.83,0.57,17.669999999999998,1988
1988-04-01,26.83,3.97,119.1,1988
1988-05-01,25.37,5.67,175.77,1988
1988-06-01,23.73,6.52,195.6,1988
1988-07-01,22.59,9.3,288.3,1988
1988-08-01,22.04,11.99,371.69,1988
1988-09-01,23.09,8.74,262.2,1988
1988-10-01,23.22,3.52,109.12,1988
1988-11-01,22.56,0.02,0.6,1988
1988-12-01,22.96,0.01,0.31,1988
1989-01-01,22.04,0.0,0.0,1989
1989-02-01,24.91,0.0,0.0,1989
1989-03-01,27.32,0.06,1.86,1989
1989-04-01,27.09,3.41,102.3,1989
1989-05-01,24.31,6.14,190.34,1989
1989-06-01,23.2,8.06,241.8,1989
1989-07-01,22.6,9.35,289.85,1989
1989-08-01,22.25,9.76,302.56,1989
1989-09-01,22.88,7.76,232.8,1989
1989-10-01,22.93,5.53,171.43,1989
1989-11-01,22.14,0.0,0.0,1989
1989-12-01,22.1,0.0,0.0,1989
1990-01-01,24.39,0.0,0.0,1990
1990-02-01,25.68,0.05,1.4,1990
1990-03-01,27.88,0.01,0.31,1990
1990-04-01,27.0,3.04,91.2,1990
1990-05-01,24.44,6.58,203.98,1990
1990-06-01,23.78,5.51,165.29999999999998,1990
1990-07-01,22.72,5.18,160.57999999999998,1990
1990-08-01,22.94,5.2,161.20000000000002,1990
1990-09-01,23.18,5.61,168.3,1990
1990-10-01,23.35,4.11,127.41,1990
1990-11-01,23.46,1.16,34.8,1990
1990-12-01,24.22,0.25,7.75,1990
1991-01-01,24.57,0.02,0.62,1991
1991-02-01,27.43,0.16,4.48,1991
1991-03-01,28.18,0.43,13.33,1991
1991-04-01,25.78,4.74,142.20000000000002,1991
1991-05-01,24.84,6.27,194.37,1991
1991-06-01,24.13,5.12,153.6,1991
1991-07-01,22.67,7.03,217.93,1991
1991-08-01,22.01,7.06,218.86,1991
1991-09-01,23.3,4.47,134.1,1991
1991-10-01,23.06,2.46,76.26,1991
1991-11-01,22.89,0.06,1.7999999999999998,1991
1991-12-01,22.77,0.0,0.0,1991
1992-01-01,23.87,0.0,0.0,1992
1992-02-01,26.46,0.0,0.0,1992
1992-03-01,28.05,0.55,17.05,1992
1992-04-01,26.35,4.64,139.2,1992
1992-05-01,24.75,5.65,175.15,1992
1992-06-01,23.43,7.77,233.1,1992
1992-07-01,22.38,8.73,270.63,1992
1992-08-01,21.99,7.82,242.42,1992
1992-09-01,22.58,8.55,256.5,1992
1992-10-01,23.38,4.01,124.31,1992
1992-11-01,21.88,0.12,3.6,1992
1992-12-01,21.81,0.0,0.0,1992
1993-01-01,22.44,0.0,0.0,1993
1993-02-01,25.62,0.04,1.12,1993
1993-03-01,26.63,0.75,23.25,1993
1993-04-01,26.73,2.5,75.0,1993
1993-05-01,25.25,5.91,183.21,1993
1993-06-01,23.87,6.81,204.3,1993
1993-07-01,22.8,9.38,290.78000000000003,1993
1993-08-01,22.49,7.7,238.7,1993
1993-09-01,23.07,6.56,196.8,1993
1993-10-01,23.68,3.45,106.95,1993
1993-11-01,23.75,0.34,10.2,1993
1993-12-01,22.77,0.02,0.62,1993
1994-01-01,24.17,0.07,2.1700000000000004,1994
1994-02-01,25.6,0.0,0.0,1994
1994-03-01,28.29,0.06,1.86,1994
1994-04-01,26.37,5.13,153.9,1994
1994-05-01,24.8,4.92,152.52,1994
1994-06-01,23.74,7.23,216.9,1994
1994-07-01,22.53,8.35,258.85,1994
1994-08-01,22.0,12.11,375.41,1994
1994-09-01,22.53,9.92,297.6,1994
1994-10-01,23.04,5.3,164.29999999999998,1994
1994-11-01,21.66,0.23,6.9,1994
1994-12-01,20.78,0.0,0.0,1994
1995-01-01,23.38,0.0,0.0,1995
1995-02-01,24.68,0.2,5.6000000000000005,1995
1995-03-01,27.18,0.86,26.66,1995
1995-04-01,26.79,3.65,109.5,1995
1995-05-01,24.91,5.44,168.64,1995
1995-06-01,23.85,8.59,257.7,1995
1995-07-01,22.65,10.36,321.16,1995
1995-08-01,22.68,13.08,405.48,1995
1995-09-01,23.26,9.95,298.5,1995
1995-10-01,23.48,4.66,144.46,1995
1995-11-01,21.56,0.64,19.2,1995
1995-12-01,21.75,0.0,0.0,1995
1996-01-01,23.57,0.0,0.0,1996
1996-02-01,25.93,0.2,5.800000000000001,1996
1996-03-01,26.68,1.03,31.93,1996
1996-04-01,26.4,2.85,85.5,1996
1996-05-01,25.03,6.98,216.38,1996
1996-06-01,23.62,8.24,247.2,1996
1996-07-01,22.69,8.34,258.54,1996
1996-08-01,22.46,12.64,391.84,1996
1996-09-01,22.8,9.32,279.6,1996
1996-10-01,23.01,4.53,140.43,1996
1996-11-01,20.97,0.0,0.0,1996
1996-12-01,21.62,0.0,0.0,1996
1997-01-01,23.56,0.0,0.0,1997
1997-02-01,24.57,0.0,0.0,1997
1997-03-01,26.2,2.35,72.85000000000001,1997
1997-04-01,25.27,3.55,106.5,1997
1997-05-01,24.43,6.44,199.64,1997
1997-06-01,23.59,8.37,251.1,1997
1997-07-01,23.0,7.49,232.19,1997
1997-08-01,22.95,7.28,225.68,1997
1997-09-01,23.6,5.58,167.4,1997
1997-10-01,24.2,2.99,92.69,1997
1997-11-01,23.54,0.29,8.7,1997
1997-12-01,22.64,0.0,0.0,1997
1998-01-01,24.23,0.02,0.62,1998
1998-02-01,27.23,0.01,0.28,1998
1998-03-01,29.1,0.0,0.0,1998
1998-04-01,28.07,4.75,142.5,1998
1998-05-01,25.69,7.51,232.81,1998
1998-06-01,24.32,6.63,198.9,1998
1998-07-01,23.2,6.39,198.09,1998
1998-08-01,22.93,8.71,270.01000000000005,1998
1998-09-01,23.28,9.43,282.9,1998
1998-10-01,23.84,1.59,49.29,1998
1998-11-01,23.31,0.0,0.0,1998
1998-12-01,23.56,0.0,0.0,1998
1999-01-01,24.7,0.0,0.0,1999
1999-02-01,27.35,0.04,1.12,1999
1999-03-01,28.86,0.29,8.99,1999
1999-04-01,28.09,0.78,23.4,1999
1999-05-01,26.61,2.95,91.45,1999
1999-06-01,25.25,4.48,134.4,1999
1999-07-01,23.73,1.5,46.5,1999
1999-08-01,23.17,3.63,112.53,1999
1999-09-01,24.48,2.05,61.49999999999999,1999
1999-10-01,24.22,4.59,142.29,1999
1999-11-01,25.44,0.06,1.7999999999999998,1999
1999-12-01,25.29,0.0,0.0,1999
2000-01-01,26.9,0.0,0.0,2000
2000-02-01,27.11,0.0,0.0,2000
2000-03-01,28.71,0.19,5.89,2000
2000-04-01,27.92,3.27,98.1,2000
2000-05-01,27.03,6.74,208.94,2000
2000-06-01,23.6,15.57,467.1,2000
2000-07-01,22.75,14.67,454.77,2000
2000-08-01,22.68,3.85,119.35,2000
2000-09-01,23.14,5.18,155.39999999999998,2000
2000-10-01,23.24,6.2,192.2,2000
2000-11-01,22.24,0.27,8.100000000000001,2000
2000-12-01,21.45,0.0,0.0,2000
2001-01-01,22.32,0.0,0.0,2001
2001-02-01,24.91,0.0,0.0,2001
2001-03-01,27.76,0.32,9.92,2001
2001-04-01,26.18,3.87,116.1,2001
2001-05-01,26.07,4.14,128.34,2001
2001-06-01,24.0,4.29,128.7,2001
2001-07-01,23.38,2.1,65.10000000000001,2001
2001-08-01,23.17,5.19,160.89,2001
2001-09-01,23.15,5.82,174.60000000000002,2001
2001-10-01,24.05,0.83,25.73,2001
2001-11-01,24.72,0.43,12.9,2001
2001-12-01,25.42,0.0,0.0,2001
2002-01-01,25.05,0.0,0.0,2002
2002-02-01,27.34,0.0,0.0,2002
2002-03-01,28.63,0.88,27.28,2002
2002-04-01,26.54,7.12,213.6,2002
2002-05-01,25.33,3.94,122.14,2002
2002-06-01,24.34,2.67,80.1,2002
2002-07-01,23.77,7.69,238.39,2002
2002-08-01,23.07,5.93,183.83,2002
2002-09-01,23.45,4.69,140.70000000000002,2002
2002-10-01,23.52,2.66,82.46000000000001,2002
2002-11-01,23.75,0.02,0.6,2002
2002-12-01,24.22,0.0,0.0,2002
2003-01-01,25.36,0.03,0.93,2003
2003-02-01,27.82,0.85,23.8,2003
2003-03-01,28.52,0.0,0.0,2003
2003-04-01,26.77,4.44,133.20000000000002,2003
2003-05-01,26.54,2.44,75.64,2003
2003-06-01,24.7,3.1,93.0,2003
2003-07-01,24.24,2.52,78.12,2003
2003-08-01,23.6,3.79,117.49,2003
2003-09-01,23.71,6.39,191.7,2003
2003-10-01,24.3,4.61,142.91,2003
2003-11-01,24.78,0.05,1.5,2003
2003-12-01,24.95,0.02,0.62,2003
2004-01-01,26.39,0.02,0.62,2004
2004-02-01,27.75,0.0,0.0,2004
2004-03-01,29.13,0.0,0.0,2004
2004-04-01,27.76,3.84,115.2,2004
2004-05-01,25.11,4.89,151.59,2004
2004-06-01,24.28,2.41,72.30000000000001,2004
2004-07-01,23.99,2.52,78.12,2004
2004-08-01,23.71,1.88,58.28,2004
2004-09-01,24.84,2.25,67.5,2004
2004-10-01,25.94,0.36,11.16,2004
2004-11-01,26.79,0.11,3.3,2004
2004-12-01,26.73,0.0,0.0,2004
2005-01-01,25.74,0.0,0.0,2005
2005-02-01,29.45,0.0,0.0,2005
2005-03-01,29.19,0.5,15.5,2005
2005-04-01,28.43,2.33,69.9,2005
2005-05-01,26.45,1.76,54.56,2005
2005-06-01,25.32,3.79,113.7,2005
2005-07-01,24.46,2.21,68.51,2005
2005-08-01,24.21,3.61,111.91,2005
2005-09-01,23.9,8.73,261.90000000000003,2005
2005-10-01,24.21,2.37,73.47,2005
2005-11-01,25.1,0.1,3.0,2005
2005-12-01,26.13,0.0,0.0,2005
2006-01-01,27.37,0.04,1.24,2006
2006-02-01,28.09,0.23,6.44,2006
2006-03-01,28.86,0.01,0.31,2006
2006-04-01,28.39,1.84,55.2,2006
2006-05-01,25.64,3.31,102.61,2006
2006-06-01,25.77,1.82,54.6,2006
2006-07-01,24.94,3.96,122.76,2006
2006-08-01,23.17,13.9,430.9,2006
2006-09-01,23.23,5.91,177.3,2006
2006-10-01,24.37,1.37,42.470000000000006,2006
2006-11-01,22.78,0.02,0.6,2006
2006-12-01,23.48,0.0,0.0,2006
2007-01-01,24.31,0.0,0.0,2007
2007-02-01,27.52,0.14,3.92,2007
2007-03-01,28.97,0.26,8.06,2007
2007-04-01,27.61,2.69,80.7,2007
2007-05-01,26.52,3.53,109.43,2007
2007-06-01,24.08,7.75,232.5,2007
2007-07-01,22.99,7.45,230.95,2007
2007-08-01,22.44,14.19,439.89,2007
2007-09-01,23.16,8.84,265.2,2007
2007-10-01,23.66,4.53,140.43,2007
2007-11-01,23.38,0.37,11.1,2007
2007-12-01,21.99,0.03,0.93,2007
2008-01-01,23.15,0.05,1.55,2008
2008-02-01,25.58,0.0,0.0,2008
2008-03-01,27.93,0.35,10.85,2008
2008-04-01,27.15,2.16,64.80000000000001,2008
2008-05-01,26.29,3.3,102.3,2008
2008-06-01,24.57,3.83,114.9,2008
2008-07-01,23.17,7.07,219.17,2008
2008-08-01,22.67,10.15,314.65000000000003,2008
2008-09-01,23.3,5.7,171.0,2008
2008-10-01,23.88,3.29,101.99,2008
2008-11-01,23.53,0.01,0.3,2008
2008-12-01,24.54,0.03,0.93,2008
2009-01-01,26.18,0.07,2.1700000000000004,2009
2009-02-01,27.99,0.0,0.0,2009
2009-03-01,29.08,0.12,3.72,2009
2009-04-01,27.12,3.52,105.6,2009
2009-05-01,25.52,4.72,146.32,2009
2009-06-01,24.21,4.95,148.5,2009
2009-07-01,23.66,4.77,147.86999999999998,2009
2009-08-01,23.16,6.87,212.97,2009
2009-09-01,23.52,3.63,108.9,2009
2009-10-01,23.6,3.33,103.23,2009
2009-11-01,24.01,0.59,17.7,2009
2009-12-01,24.55,0.0,0.0,2009
2010-01-01,26.24,0.07,2.1700000000000004,2010
2010-02-01,28.78,0.04,1.12,2010
2010-03-01,28.7,0.29,8.99,2010
2010-04-01,28.07,1.76,52.8,2010
2010-05-01,25.64,6.81,211.11,2010
2010-06-01,24.6,4.32,129.60000000000002,2010
2010-07-01,22.93,8.0,248.0,2010
2010-08-01,22.82,8.24,255.44,2010
2010-09-01,22.9,5.39,161.7,2010
2010-10-01,23.74,3.16,97.96,2010
2010-11-01,23.93,0.31,9.3,2010
2010-12-01,22.98,0.0,0.0,2010
2011-01-01,24.38,0.0,0.0,2011
2011-02-01,27.35,0.07,1.96,2011
2011-03-01,28.61,0.0,0.0,2011
2011-04-01,28.5,0.34,10.2,2011
2011-05-01,25.62,5.31,164.61,2011
2011-06-01,24.45,3.48,104.4,2011
2011-07-01,23.83,3.64,112.84,2011
2011-08-01,23.1,6.97,216.07,2011
2011-09-01,23.03,5.19,155.70000000000002,2011
2011-10-01,23.73,3.17,98.27,2011
2011-11-01,24.1,0.02,0.6,2011
2011-12-01,24.12,0.0,0.0,2011
2012-01-01,25.8,0.0,0.0,2012
2012-02-01,28.17,0.0,0.0,2012
2012-03-01,28.97,0.0,0.0,2012
2012-04-01,27.87,1.6,48.0,2012
2012-05-01,25.82,3.16,97.96,2012
2012-06-01,23.93,6.03,180.9,2012
2012-07-01,22.84,8.25,255.75,2012
2012-08-01,22.5,8.42,261.02,2012
2012-09-01,22.82,8.84,265.2,2012
2012-10-01,23.79,5.54,171.74,2012
2012-11-01,23.74,0.12,3.6,2012
2012-12-01,22.74,0.0,0.0,2012
2013-01-01,25.16,0.23,7.13,2013
2013-02-01,27.17,0.17,4.760000000000001,2013
2013-03-01,27.89,0.96,29.76,2013
2013-04-01,27.38,1.59,47.7,2013
2013-05-01,26.02,2.21,68.51,2013
2013-06-01,25.04,2.48,74.4,2013
2013-07-01,24.15,2.99,92.69,2013
2013-08-01,23.17,3.12,96.72,2013
2013-09-01,24.2,2.15,64.5,2013
2013-10-01,25.32,2.21,68.51,2013
2013-11-01,26.76,0.32,9.6,2013
2013-12-01,26.16,0.03,0.93,2013
2014-01-01,27.03,0.08,2.48,2014
2014-02-01,28.59,0.0,0.0,2014
2014-03-01,28.14,0.74,22.94,2014
2014-04-01,27.07,3.85,115.5,2014
2014-05-01,26.29,3.88,120.28,2014
2014-06-01,24.78,3.54,106.2,2014
2014-07-01,23.89,3.37,104.47,2014
2014-08-01,22.88,6.92,214.52,2014
2014-09-01,23.28,4.02,120.6,2014
2014-10-01,24.42,1.76,54.56,2014
2014-11-01,25.77,0.06,1.7999999999999998,2014
2014-12-01,25.61,0.0,0.0,2014
2015-01-01,24.78,0.0,0.0,2015
2015-02-01,28.73,0.12,3.36,2015
2015-03-01,28.62,0.34,10.54,2015
2015-04-01,28.73,0.78,23.4,2015
2015-05-01,28.58,0.82,25.42,2015
2015-06-01,25.95,1.93,57.9,2015
2015-07-01,24.33,5.4,167.4,2015
2015-08-01,23.42,5.35,165.85,2015
2015-09-01,23.66,5.04,151.2,2015
2015-10-01,24.59,3.67,113.77,2015
2015-11-01,25.18,0.26,7.800000000000001,2015
2015-12-01,23.58,0.0,0.0,2015
2016-01-01,25.68,0.0,0.0,2016
2016-02-01,28.46,0.0,0.0,2016
2016-03-01,29.58,0.93,28.83,2016
2016-04-01,27.81,3.86,115.8,2016
2016-05-01,25.99,5.97,185.07,2016
2016-06-01,24.05,6.31,189.3,2016
2016-07-01,23.25,7.15,221.65,2016
2016-08-01,23.11,9.77,302.87,2016
2016-09-01,23.32,7.94,238.2,2016
2016-10-01,23.97,3.49,108.19,2016
2016-11-01,23.7,0.01,0.3,2016
2016-12-01,24.04,0.0,0.0,2016
2017-01-01,25.88,0.0,0.0,2017
2017-02-01,27.26,0.08,2.24,2017
2017-03-01,29.06,0.15,4.65,2017
2017-04-01,28.04,2.28,68.39999999999999,2017
2017-05-01,25.71,5.42,168.02,2017
2017-06-01,24.77,5.25,157.5,2017
2017-07-01,23.73,4.52,140.11999999999998,2017
2017-08-01,23.14,7.33,227.23,2017
2017-09-01,23.56,3.2,96.0,2017
2017-10-01,24.35,1.82,56.42,2017
2017-11-01,25.39,0.0,0.0,2017
2017-12-01,25.99,0.0,0.0,2017
2018-01-01,24.95,0.0,0.0,2018
2018-02-01,28.61,0.33,9.24,2018
2018-03-01,29.21,0.0,0.0,2018
2018-04-01,28.78,0.24,7.199999999999999,2018
2018-05-01,26.42,2.71,84.01,2018
2018-06-01,24.66,8.67,260.1,2018
2018-07-01,23.43,5.94,184.14,2018
2018-08-01,23.04,5.28,163.68,2018
2018-09-01,23.56,4.08,122.4,2018
2018-10-01,24.38,2.21,68.51,2018
2018-11-01,25.51,0.18,5.4,2018
2018-12-01,25.46,0.0,0.0,2018
2019-01-01,27.01,0.0,0.0,2019
2019-02-01,28.23,0.21,5.88,2019
2019-03-01,29.84,0.08,2.48,2019
2019-04-01,30.01,0.23,6.9,2019
2019-05-01,26.82,2.86,88.66,2019
2019-06-01,26.08,2.76,82.8,2019
2019-07-01,23.93,6.45,199.95,2019
2019-08-01,22.7,9.36,290.16,2019
2019-09-01,23.71,3.27,98.1,2019
2019-10-01,23.21,10.24,317.44,2019
2019-11-01,24.08,0.8,24.0,2019
2019-12-01,22.87,0.0,0.0,2019
2020-01-01,24.56,0.0,0.0,2020
2020-02-01,27.58,0.0,0.0,2020
2020-03-01,28.95,1.54,47.74,2020
2020-04-01,26.81,3.63,108.9,2020
2020-05-01,25.75,5.28,163.68,2020
2020-06-01,24.13,6.64,199.2,2020
2020-07-01,22.91,6.64,205.84,2020
2020-08-01,22.59,7.68,238.08,2020
2020-09-01,23.04,4.89,146.7,2020
2020-10-01,23.81,1.64,50.84,2020
2020-11-01,24.62,0.04,1.2,2020
2020-12-01,26.14,0.0,0.0,2020
2021-01-01,26.73,0.0,0.0,2021
2021-02-01,28.03,0.0,0.0,2021
2021-03-01,28.29,0.99,30.69,2021
2021-04-01,28.14,2.03,60.89999999999999,2021
2021-05-01,27.23,2.12,65.72,2021
2021-06-01,24.82,9.07,272.1,2021
2021-07-01,22.96,13.46,417.2600000000001,2021
2021-08-01,22.94,7.6,235.6,2021
2021-09-01,23.53,9.3,279.0,2021
2021-10-01,24.17,2.78,86.17999999999999,2021
2021-11-01,23.67,1.38,41.4,2021
2021-12-01,22.91,0.56,17.360000000000003,2021
2022-01-01,23.92,0.2,6.2,2022
2022-02-01,26.35,0.01,0.28,2022
2022-03-01,28.71,0.44,13.64,2022
2022-04-01,26.41,9.9,297.0,2022
2022-05-01,24.63,15.34,475.54,2022
2022-06-01,23.53,10.52,315.6,2022
2022-07-01,23.09,4.9,151.9,2022
2022-08-01,22.57,7.07,219.17,2022
2022-09-01,22.93,4.56,136.79999999999998,2022
2022-10-01,23.24,3.18,98.58,2022
2022-11-01,22.87,0.0,0.0,2022
2022-12-01,23.14,0.0,0.0,2022
2023-01-01,25.15,0.0,0.0,2023
2023-02-01,27.59,0.0,0.0,2023
2023-03-01,27.86,0.53,16.43,2023
2023-04-01,28.32,0.92,27.6,2023
2023-05-01,27.42,2.55,79.05,2023
2023-06-01,25.07,4.59,137.7,2023
2023-07-01,25.4,2.28,70.67999999999999,2023
2023-08-01,24.73,3.77,116.87,2023
2023-09-01,24.92,3.46,103.8,2023
2023-10-01,25.73,4.18,129.57999999999998,2023
2023-11-01,26.3,0.4,12.0,2023
2023-12-01,26.35,0.0,0.0,2023
2024-01-01,26.56,0.0,0.0,2024
2024-02-01,29.23,0.01,0.29,2024
2024-03-01,30.28,1.02,31.62,2024
2024-04-01,29.68,3.63,108.9,2024
2024-05-01,26.96,2.76,85.55999999999999,2024
2024-06-01,25.98,2.69,80.7,2024
2024-07-01,24.21,17.1,530.1,2024
2024-08-01,23.09,4.49,139.19,2024
2024-09-01,23.84,3.45,103.5,2024
2024-10-01,24.01,2.31,71.61,2024
2024-11-01,24.0,0.0,0.0,2024
2024-12-01,24.98,0.0,0.0,2024
2025-01-01,27.13,0.0,0.0,2025
2025-02-01,29.22,0.01,0.28,2025
2025-03-01,31.21,0.04,1.24,2025
2025-04-01,30.55,0.69,20.7,2025
2025-05-01,29.47,1.39,43.09,2025
2025-06-01,25.89,4.93,147.89999999999998,2025
2025-07-01,23.73,6.3,195.3,2025
2025-08-01,22.98,5.16,159.96,2025
2025-09-01,23.9,4.64,139.2,2025
2025-10-01,24.65,2.13,66.03,2025
2025-11-01,26.41,0.09,2.7,2025
2025-12-01,27.18,0.0,0.0,2025
